{"train/loss": 1.6686, "train/grad_norm": 18.82012176513672, "train/learning_rate": 1.0256410256410258e-08, "train/epoch": 0.0006153372817475579, "train/global_step": 1, "_timestamp": 1725544662.8116062, "_runtime": 6.507317066192627, "_step": 0, "_wandb": {"runtime": 8}}