{"train/loss": 0.7627, "train/grad_norm": 2.4198858737945557, "train/learning_rate": 1.9999865563717078e-05, "train/epoch": 1.2638055683740963, "train/global_step": 1027, "_timestamp": 1725547630.6244113, "_runtime": 2598.3991754055023, "_step": 1026}